{
  "Pick": [
    {
      "Lang": "EN"
    }
  ],
  "EN": [
    {
      "login": {
        "LoginBTN": [
          "Login",
          "Login to BotIt",
          "text"
        ],
        "RegisterBTN": [
          "Register",
          "Register New User Free",
          "text"
        ],
        "GuestBTN": [
          "Guest Login",
          "Enter As a Guest",
          "text"
        ],
        "PassresetBTN": [
          "Recover Password By Email",
          "Recover Password By Email",
          "text"
        ],
        "UsernameTXT": [
          "Enter User Name",
          "Email",
          "Holder"
        ],
        "PassLoginTXT": [
          "Password",
          "Enter User Password",
          "Holder"
        ],
        "UserRegNick": [
          "NickName",
          "Enter NickName",
          "Holder"
        ],
        "LifeBTN": [
          "Free Account",
          "Free Account",
          "text"
        ],
        "UserRegEmail": [
          "Enter User Name",
          "Email",
          "Holder"
        ],
        "UserRegPass": [
          "Password",
          "Enter User Password",
          "Holder"
        ],
        "SingupText": [
          "Register New User",
          "Register New User",
          "text"
        ],
        "RecoverEmailEdit": [
          "Email",
          "Enter User Name",
          "Holder"
        ],
        "RecoverBTN": [
          "Recover",
          "Recover Password By Email",
          "text"
        ],
        "ResentBTN": [
          "Resend",
          "Resend Email",
          "text"
        ],
        "Recovertext": [
          "Recover Lost Password",
          "Recover Lost Password",
          "text"
        ],
        "UtilText": [
          "Bot Utility",
          "Bot Utility",
          "text"
        ],
        "Patr": [
          "",
          "Patreon Page",
          "text"
        ],
        "WebSiteicon": [
          "",
          "Web Site",
          "text"
        ],
        "Discord": [
          "",
          "Discord Channel",
          "text"
        ],
        "Youtube": [
          "",
          "YouTube Channel",
          "text"
        ],
        "Closegui": [
          "",
          "Exit",
          "text"
        ],
        "MinimizeGUI": [
          "",
          "Minimize",
          "text"
        ],
        "BackLogin": [
          "Home",
          "Move Back to Login Screen",
          "text"
        ],
        "LangCombo": [
          "",
          "Change language",
          "NoText"
        ]
      },
      "Botit": {
        "BotitmirrorUI": [
          "Phone Mirror",
          "Open Mirror Tab",
          "text"
        ],
        "HomeUI": [
          "",
          "Open Home TAB",
          "NoText"
        ],
        "BotitEmuUI": [
          "Emulator",
          "Under Dev Open Emulator TAB",
          "text"
        ],
        "BotitUI": [
          "Botit Mobile",
          "Open Botit Mobile TAB",
          "text"
        ],
        "Devs": [
          "Devs",
          "Open Developer Tool TAB",
          "text"
        ],
        "pcui": [
          "Botit PC",
          "Open Botit PC TAB",
          "text"
        ],
        "workUI": [
          "Botit Work",
          "Under DEV",
          "text"
        ],
        "Closegui": [
          "",
          "Cloe APP",
          "NoText"
        ],
        "MinimizeGUI": [
          "",
          "Minimize APP",
          "NoText"
        ],
        "botitMail": [
          "",
          "Email",
          "NoText"
        ],
        "botitTime": [
          "",
          "Time Left",
          "NoText"
        ],
        "botitNick": [
          "",
          "Open Botit PC TAB",
          "NoText"
        ],
        "botitToken": [
          "",
          "Token Group",
          "NoText"
        ],
        "PPicon": [
          "",
          "Accepting Paypal",
          "NoText"
        ],
        "SupporterBTN": [
          "Support 1$/MO",
          "Support Botit Project. 1 PC game Frame Unlocked",
          "text"
        ],
        "FullUnlockBTN": [
          "Full Unlocked 5$/MO",
          "Support Botit Project With 5$. All Game Frames unlocked.",
          "text"
        ],
        "resicon": [
          "Display resolution:",
          "Cap Display resolution",
          "text"
        ],
        "SoundBtn": [
          "",
          "Under Dev",
          "NoText"
        ],
        "DisplayText": [
          "Device Display:",
          "Set Phone Screen OFF/ON",
          "text"
        ],
        "IpEdit": [
          "192.168.0.",
          "Local IP Connece",
          "text"
        ],
        "mapnow": [
          "",
          "Under Dev",
          "NoText"
        ],
        "ScreenOn": [
          "ON",
          "Set Phone Screen ON",
          "text"
        ],
        "RefreshBTN": [
          "Refresh",
          "Refresh Device List",
          "text"
        ],
        "showTouches": [
          "Show touches",
          "Show Touches on Device",
          "text"
        ],
        "StartMirror": [
          "Start Mirror",
          "Start Phone Mirror",
          "text"
        ],
        "Rescap": [
          "",
          "Cap Display resolution",
          "NoText"
        ],
        "DevicesCombo": [
          "",
          "ADB Devices Connected to the PC",
          "NoText"
        ],
        "WindownameEdit": [
          "",
          "Set Window Name",
          "NoText"
        ],
        "WIFIOptionsicon": [
          "Wifi Mirror Options",
          "Wifi Mirror Options",
          "text"
        ],
        "recMirror": [
          "Record Mirror",
          "Record your screen mirroring to your home directory. In Linux, it is in ~guiscrcpy directory. In Windows, it is in C:Users<USER NAME> with the date in seconds, followed by .mp4",
          "text"
        ],
        "IpGrab": [
          "Grab Device IP",
          "Auto Grab Connected Phone IP For Wifi Mirror",
          "text"
        ],
        "ScreenOff": [
          "OFF",
          "Set Phone Screen OFF",
          "text"
        ],
        "Windownameicon": [
          "Window Name:",
          "Set Window Name",
          "text"
        ],
        "KillADB": [
          "Kill ADB",
          "Kill ALL ADB servers",
          "text"
        ],
        "ConnectBtn": [
          "Connect",
          "Local Ip Connect",
          "text"
        ],
        "ConnectedDevicesicon": [
          "Connected Devices",
          "",
          "text"
        ],
        "Ramtext": [
          "Ram MB",
          "Emulator RAM Capacity",
          "text"
        ],
        "emunamemirrortext": [
          "Window Name:",
          "Set Window Name",
          "text"
        ],
        "WindownameEdit_2": [
          "",
          "Set Window Name",
          "NoText"
        ],
        "emurestext": [
          "Display resolution:",
          "Cap Display resolution",
          "text"
        ],
        "EmuBoxes": [
          "",
          "Scan and display Android Boxes",
          "NoText"
        ],
        "SaveE": [
          "Save",
          "Save Emulator Settings",
          "text"
        ],
        "Rescap2": [
          "",
          "Cap Display resolution",
          "NoText"
        ],
        "StartE": [
          "Start Emulator Proc",
          "Under Dev. Not Connected",
          "text"
        ],
        "titleEmu": [
          "Emulator Options",
          "Emulator Options",
          "text"
        ],
        "DeviceOptionEmuText": [
          "Display Options",
          "Cap Display resolution",
          "text"
        ],
        "HDDtext": [
          "HDD GB",
          "Emulator Hard Drive Capacity",
          "text"
        ],
        "HDDSet": [
          "",
          "Emulator Hard Drive Capacity",
          "NoText"
        ],
        "EmuboxnameText": [
          "Emulator Name:",
          "Set Window Name",
          "text"
        ],
        "CpuCoreSet": [
          "",
          "Emulator CPU Core Capacity",
          "NoText"
        ],
        "RamSet": [
          "",
          "Emulator RAM Capacity",
          "NoText"
        ],
        "DevicesCombo2": [
          "",
          "ADB Devices Connected to the PC",
          "NoText"
        ],
        "CreateE": [
          "Create",
          "Create Emulator",
          "text"
        ],
        "RefreshBTN2": [
          "Refresh",
          "Refresh Device List",
          "text"
        ],
        "CPUCores": [
          "CPU Cores",
          "Emulator CPU Core Capacity",
          "text"
        ],
        "EmulaturName": [
          "Kill Emulator",
          "Kill ALL ADB servers",
          "text"
        ],
        "KillADB2": [
          "",
          "Set Window Name",
          "NoText"
        ],
        "DeleteE": [
          "Delete",
          "Delete Emulator",
          "text"
        ],
        "StartMirror_2": [
          "START",
          "Under Dev. Not Connected",
          "text"
        ],
        "SoundBtn_2": [
          "",
          "Under Dev",
          "NoText"
        ],
        "mapnow_2": [
          "",
          "Under Dev",
          "NoText"
        ],
        "MobiletitleText": [
          "Mobile Game Bots",
          "Mobile Game Bots",
          "text"
        ],
        "GameName": [
          "Game Name",
          "Game Name",
          "text"
        ],
        "UserVerText": [
          "User Version:",
          "Local Bot Version",
          "text"
        ],
        "Downloadg": [
          "Download",
          "Download/Update and Extract BotIT",
          "text"
        ],
        "OptionsText": [
          "Help Options",
          "Help Options",
          "text"
        ],
        "Startg": [
          "Start Bot-It",
          "Start Bot-It",
          "text"
        ],
        "BotVerLocal": [
          "",
          "User Bot Version",
          "NoText"
        ],
        "BotVerServer": [
          "Server Version:",
          "Server Bot Version",
          "text"
        ],
        "UtilText": [
          "Bot Utility",
          "Bot Utility",
          "text"
        ],
        "BSrdy": [
          "",
          "Deploy Bluestacks images",
          "NoText"
        ],
        "NoxRDY": [
          "",
          "Deploy Nox images",
          "NoText"
        ],
        "ImgCrop": [
          "",
          "Image Crop Tool",
          "NoText"
        ],
        "imgfolder": [
          "",
          "Open Image Folder",
          "NoText"
        ],
        "Settings": [
          "",
          "Bot Settings",
          "NoText"
        ],
        "website": [
          "",
          "Web Site",
          "NoText"
        ],
        "Gameremote": [
          "",
          "Order Remote Install",
          "NoText"
        ],
        "titleEmu_4": [
          "PC Game Bots",
          "PC Game Bots",
          "text"
        ],
        "EmulaturName_2": [
          "",
          "Wallet ETH",
          "NoText"
        ],
        "label_26": [
          "",
          "Barcode",
          "NoText"
        ],
        "Copy": [
          "Copy",
          "Copy to clipboard",
          "text"
        ],
        "titleEmu_20": [
          "Donation",
          "Donation",
          "text"
        ],
        "label_58": [
          "",
          "Accepting Paypal",
          "NoText"
        ],
        "paypal": [
          "Open Paypal Web",
          "Open Paypal",
          "text"
        ],
        "titleEmu_21": [
          "Developer Tools",
          "Developer Tools",
          "text"
        ],
        "Github": [
          "",
          "GitHub",
          "NoText"
        ],
        "BotitBlank": [
          "",
          "Botit Blank",
          "NoText"
        ],
        "titleEmu_18": [
          "Connecting",
          "Connecting",
          "text"
        ],
        "titleEmu_15": [
          "Getting Data",
          "Getting Data",
          "text"
        ],
        "titleEmu_16": [
          "Extracting",
          "Extracting",
          "text"
        ],
        "titleEmu_17": [
          "Done",
          "Done",
          "text"
        ],
        "Patr": [
          "",
          "Patreon Page",
          "NoText"
        ],
        "WebSiteicon": [
          "",
          "Web Site",
          "NoText"
        ],
        "Discord": [
          "",
          "Discord Channel",
          "NoText"
        ],
        "GiveETH": [
          "",
          "Donate",
          "NoText"
        ],
        "LangCombo": [
          "",
          "Change language",
          "NoText"
        ],
        "Youtube": [
          "",
          "YouTube Channel",
          "text"
        ]
      }
    }
  ],
  "SP": [
    {
      "login": {
        "LoginBTN": [
          "LoginSP",
          "Login to BotIt",
          "text"
        ],
        "RegisterBTN": [
          "Register",
          "Register New User Free",
          "text"
        ],
        "GuestBTN": [
          "Guest Login",
          "Enter As a Guest",
          "text"
        ],
        "PassresetBTN": [
          "Recover Password By Email",
          "Recover Password By Email",
          "text"
        ],
        "UsernameTXT": [
          "Enter User Name",
          "Email",
          "Holder"
        ],
        "PassLoginTXT": [
          "Password",
          "Enter User Password",
          "Holder"
        ],
        "UserRegNick": [
          "NickName",
          "Enter NickName",
          "Holder"
        ],
        "LifeBTN": [
          "Free Account",
          "Free Account",
          "text"
        ],
        "UserRegEmail": [
          "Enter User Name",
          "Email",
          "Holder"
        ],
        "UserRegPass": [
          "Password",
          "Enter User Password",
          "Holder"
        ],
        "SingupText": [
          "Register New User",
          "Register New User",
          "text"
        ],
        "RecoverEmailEdit": [
          "Email",
          "Enter User Name",
          "Holder"
        ],
        "RecoverBTN": [
          "Recover",
          "Recover Password By Email",
          "text"
        ],
        "ResentBTN": [
          "Resend",
          "Resend Email",
          "text"
        ],
        "Recovertext": [
          "Recover Lost Password",
          "Recover Lost Password",
          "text"
        ],
        "UtilText": [
          "Bot Utility",
          "Bot Utility",
          "text"
        ],
        "Patr": [
          "",
          "Patreon Page",
          "text"
        ],
        "WebSiteicon": [
          "",
          "Web Site",
          "text"
        ],
        "Discord": [
          "",
          "Discord Channel",
          "text"
        ],
        "Youtube": [
          "",
          "YouTube Channel",
          "text"
        ],
        "Closegui": [
          "",
          "Exit",
          "text"
        ],
        "MinimizeGUI": [
          "",
          "Minimize",
          "text"
        ],
        "BackLogin": [
          "Home",
          "Move Back to Login Screen",
          "text"
        ],
        "LangCombo": [
          "",
          "Change language",
          "NoText"
        ]
      },
      "Botit": {
        "BotitmirrorUI": [
          "Phone Mirror",
          "Open Mirror Tab",
          "text"
        ],
        "HomeUI": [
          "",
          "Open Home TAB",
          "NoText"
        ],
        "BotitEmuUI": [
          "Emulator",
          "Under Dev Open Emulator TAB",
          "text"
        ],
        "BotitUI": [
          "Botit Mobile",
          "Open Botit Mobile TAB",
          "text"
        ],
        "Devs": [
          "Devs",
          "Open Developer Tool TAB",
          "text"
        ],
        "pcui": [
          "Botit PC",
          "Open Botit PC TAB",
          "text"
        ],
        "workUI": [
          "Botit Work",
          "Under DEV",
          "text"
        ],
        "Closegui": [
          "",
          "Cloe APP",
          "NoText"
        ],
        "MinimizeGUI": [
          "",
          "Minimize APP",
          "NoText"
        ],
        "botitMail": [
          "",
          "Email",
          "NoText"
        ],
        "botitTime": [
          "",
          "Time Left",
          "NoText"
        ],
        "botitNick": [
          "",
          "Open Botit PC TAB",
          "NoText"
        ],
        "botitToken": [
          "",
          "Token Group",
          "NoText"
        ],
        "PPicon": [
          "",
          "Accepting Paypal",
          "NoText"
        ],
        "SupporterBTN": [
          "Support 1$/MO",
          "Support Botit Project. 1 PC game Frame Unlocked",
          "text"
        ],
        "FullUnlockBTN": [
          "Full Unlocked 5$/MO",
          "Support Botit Project With 5$. All Game Frames unlocked.",
          "text"
        ],
        "resicon": [
          "Display resolution:",
          "Cap Display resolution",
          "text"
        ],
        "SoundBtn": [
          "",
          "Under Dev",
          "NoText"
        ],
        "DisplayText": [
          "Device Display:",
          "Set Phone Screen OFF/ON",
          "text"
        ],
        "IpEdit": [
          "192.168.0.",
          "Local IP Connece",
          "text"
        ],
        "mapnow": [
          "",
          "Under Dev",
          "NoText"
        ],
        "ScreenOn": [
          "ON",
          "Set Phone Screen ON",
          "text"
        ],
        "RefreshBTN": [
          "Refresh",
          "Refresh Device List",
          "text"
        ],
        "showTouches": [
          "Show touches",
          "Show Touches on Device",
          "text"
        ],
        "StartMirror": [
          "Start Mirror",
          "Start Phone Mirror",
          "text"
        ],
        "Rescap": [
          "",
          "Cap Display resolution",
          "NoText"
        ],
        "DevicesCombo": [
          "",
          "ADB Devices Connected to the PC",
          "NoText"
        ],
        "WindownameEdit": [
          "",
          "Set Window Name",
          "NoText"
        ],
        "WIFIOptionsicon": [
          "Wifi Mirror Options",
          "Wifi Mirror Options",
          "text"
        ],
        "recMirror": [
          "Record Mirror",
          "Record your screen mirroring to your home directory. In Linux, it is in ~guiscrcpy directory. In Windows, it is in C:Users<USER NAME> with the date in seconds, followed by .mp4",
          "text"
        ],
        "IpGrab": [
          "Grab Device IP",
          "Auto Grab Connected Phone IP For Wifi Mirror",
          "text"
        ],
        "ScreenOff": [
          "OFF",
          "Set Phone Screen OFF",
          "text"
        ],
        "Windownameicon": [
          "Window Name:",
          "Set Window Name",
          "text"
        ],
        "KillADB": [
          "Kill ADB",
          "Kill ALL ADB servers",
          "text"
        ],
        "ConnectBtn": [
          "Connect",
          "Local Ip Connect",
          "text"
        ],
        "ConnectedDevicesicon": [
          "Connected Devices",
          "",
          "text"
        ],
        "Ramtext": [
          "Ram MB",
          "Emulator RAM Capacity",
          "text"
        ],
        "emunamemirrortext": [
          "Window Name:",
          "Set Window Name",
          "text"
        ],
        "WindownameEdit_2": [
          "",
          "Set Window Name",
          "NoText"
        ],
        "emurestext": [
          "Display resolution:",
          "Cap Display resolution",
          "text"
        ],
        "EmuBoxes": [
          "",
          "Scan and display Android Boxes",
          "NoText"
        ],
        "SaveE": [
          "Save",
          "Save Emulator Settings",
          "text"
        ],
        "Rescap2": [
          "",
          "Cap Display resolution",
          "NoText"
        ],
        "StartE": [
          "Start Emulator Proc",
          "Under Dev. Not Connected",
          "text"
        ],
        "titleEmu": [
          "Emulator Options",
          "Emulator Options",
          "text"
        ],
        "DeviceOptionEmuText": [
          "Display Options",
          "Cap Display resolution",
          "text"
        ],
        "HDDtext": [
          "HDD GB",
          "Emulator Hard Drive Capacity",
          "text"
        ],
        "HDDSet": [
          "",
          "Emulator Hard Drive Capacity",
          "NoText"
        ],
        "EmuboxnameText": [
          "Emulator Name:",
          "Set Window Name",
          "text"
        ],
        "CpuCoreSet": [
          "",
          "Emulator CPU Core Capacity",
          "NoText"
        ],
        "RamSet": [
          "",
          "Emulator RAM Capacity",
          "NoText"
        ],
        "DevicesCombo2": [
          "",
          "ADB Devices Connected to the PC",
          "NoText"
        ],
        "CreateE": [
          "Create",
          "Create Emulator",
          "text"
        ],
        "RefreshBTN2": [
          "Refresh",
          "Refresh Device List",
          "text"
        ],
        "CPUCores": [
          "CPU Cores",
          "Emulator CPU Core Capacity",
          "text"
        ],
        "EmulaturName": [
          "Kill Emulator",
          "Kill ALL ADB servers",
          "text"
        ],
        "KillADB2": [
          "",
          "Set Window Name",
          "NoText"
        ],
        "DeleteE": [
          "Delete",
          "Delete Emulator",
          "text"
        ],
        "StartMirror_2": [
          "START",
          "Under Dev. Not Connected",
          "text"
        ],
        "SoundBtn_2": [
          "",
          "Under Dev",
          "NoText"
        ],
        "mapnow_2": [
          "",
          "Under Dev",
          "NoText"
        ],
        "MobiletitleText": [
          "Mobile Game Bots",
          "Mobile Game Bots",
          "text"
        ],
        "GameName": [
          "Game Name",
          "Game Name",
          "text"
        ],
        "UserVerText": [
          "User Version:",
          "Local Bot Version",
          "text"
        ],
        "Downloadg": [
          "Download",
          "Download/Update and Extract BotIT",
          "text"
        ],
        "OptionsText": [
          "Help Options",
          "Help Options",
          "text"
        ],
        "Startg": [
          "Start Bot-It",
          "Start Bot-It",
          "text"
        ],
        "BotVerLocal": [
          "",
          "User Bot Version",
          "NoText"
        ],
        "BotVerServer": [
          "Server Version:",
          "Server Bot Version",
          "text"
        ],
        "UtilText": [
          "Bot Utility",
          "Bot Utility",
          "text"
        ],
        "BSrdy": [
          "",
          "Deploy Bluestacks images",
          "NoText"
        ],
        "NoxRDY": [
          "",
          "Deploy Nox images",
          "NoText"
        ],
        "ImgCrop": [
          "",
          "Image Crop Tool",
          "NoText"
        ],
        "imgfolder": [
          "",
          "Open Image Folder",
          "NoText"
        ],
        "Settings": [
          "",
          "Bot Settings",
          "NoText"
        ],
        "website": [
          "",
          "Web Site",
          "NoText"
        ],
        "Gameremote": [
          "",
          "Order Remote Install",
          "NoText"
        ],
        "titleEmu_4": [
          "PC Game Bots",
          "PC Game Bots",
          "text"
        ],
        "EmulaturName_2": [
          "",
          "Wallet ETH",
          "NoText"
        ],
        "label_26": [
          "",
          "Barcode",
          "NoText"
        ],
        "Copy": [
          "Copy",
          "Copy to clipboard",
          "text"
        ],
        "titleEmu_20": [
          "Donation",
          "Donation",
          "text"
        ],
        "label_58": [
          "",
          "Accepting Paypal",
          "NoText"
        ],
        "paypal": [
          "Open Paypal Web",
          "Open Paypal",
          "text"
        ],
        "titleEmu_21": [
          "Developer Tools",
          "Developer Tools",
          "text"
        ],
        "Github": [
          "",
          "GitHub",
          "NoText"
        ],
        "BotitBlank": [
          "",
          "Botit Blank",
          "NoText"
        ],
        "titleEmu_18": [
          "Connecting",
          "Connecting",
          "text"
        ],
        "titleEmu_15": [
          "Getting Data",
          "Getting Data",
          "text"
        ],
        "titleEmu_16": [
          "Extracting",
          "Extracting",
          "text"
        ],
        "titleEmu_17": [
          "Done",
          "Done",
          "text"
        ],
        "Patr": [
          "",
          "Patreon Page",
          "NoText"
        ],
        "WebSiteicon": [
          "",
          "Web Site",
          "NoText"
        ],
        "Discord": [
          "",
          "Discord Channel",
          "NoText"
        ],
        "GiveETH": [
          "",
          "Donate",
          "NoText"
        ],
        "LangCombo": [
          "",
          "Change language",
          "NoText"
        ],
        "Youtube": [
          "",
          "YouTube Channel",
          "text"
        ]
      }
    }
  ],
  "RU": [
    {
      "login": {
        "LoginBTN": [
          "LoginRU",
          "Login to BotIt",
          "text"
        ],
        "RegisterBTN": [
          "Register",
          "Register New User Free",
          "text"
        ],
        "GuestBTN": [
          "Guest Login",
          "Enter As a Guest",
          "text"
        ],
        "PassresetBTN": [
          "Recover Password By Email",
          "Recover Password By Email",
          "text"
        ],
        "UsernameTXT": [
          "Enter User Name",
          "Email",
          "Holder"
        ],
        "PassLoginTXT": [
          "Password",
          "Enter User Password",
          "Holder"
        ],
        "UserRegNick": [
          "NickName",
          "Enter NickName",
          "Holder"
        ],
        "LifeBTN": [
          "Free Account",
          "Free Account",
          "text"
        ],
        "UserRegEmail": [
          "Enter User Name",
          "Email",
          "Holder"
        ],
        "UserRegPass": [
          "Password",
          "Enter User Password",
          "Holder"
        ],
        "SingupText": [
          "Register New User",
          "Register New User",
          "text"
        ],
        "RecoverEmailEdit": [
          "Email",
          "Enter User Name",
          "Holder"
        ],
        "RecoverBTN": [
          "Recover",
          "Recover Password By Email",
          "text"
        ],
        "ResentBTN": [
          "Resend",
          "Resend Email",
          "text"
        ],
        "Recovertext": [
          "Recover Lost Password",
          "Recover Lost Password",
          "text"
        ],
        "UtilText": [
          "Bot Utility",
          "Bot Utility",
          "text"
        ],
        "Patr": [
          "",
          "Patreon Page",
          "text"
        ],
        "WebSiteicon": [
          "",
          "Web Site",
          "text"
        ],
        "Discord": [
          "",
          "Discord Channel",
          "text"
        ],
        "Youtube": [
          "",
          "YouTube Channel",
          "text"
        ],
        "Closegui": [
          "",
          "Exit",
          "text"
        ],
        "MinimizeGUI": [
          "",
          "Minimize",
          "text"
        ],
        "BackLogin": [
          "Home",
          "Move Back to Login Screen",
          "text"
        ],
        "LangCombo": [
          "",
          "Change language",
          "NoText"
        ]
      },
      "Botit": {
        "BotitmirrorUI": [
          "Phone Mirror",
          "Open Mirror Tab",
          "text"
        ],
        "HomeUI": [
          "",
          "Open Home TAB",
          "NoText"
        ],
        "BotitEmuUI": [
          "Emulator",
          "Under Dev Open Emulator TAB",
          "text"
        ],
        "BotitUI": [
          "Botit Mobile",
          "Open Botit Mobile TAB",
          "text"
        ],
        "Devs": [
          "Devs",
          "Open Developer Tool TAB",
          "text"
        ],
        "pcui": [
          "Botit PC",
          "Open Botit PC TAB",
          "text"
        ],
        "workUI": [
          "Botit Work",
          "Under DEV",
          "text"
        ],
        "Closegui": [
          "",
          "Cloe APP",
          "NoText"
        ],
        "MinimizeGUI": [
          "",
          "Minimize APP",
          "NoText"
        ],
        "botitMail": [
          "",
          "Email",
          "NoText"
        ],
        "botitTime": [
          "",
          "Time Left",
          "NoText"
        ],
        "botitNick": [
          "",
          "Open Botit PC TAB",
          "NoText"
        ],
        "botitToken": [
          "",
          "Token Group",
          "NoText"
        ],
        "PPicon": [
          "",
          "Accepting Paypal",
          "NoText"
        ],
        "SupporterBTN": [
          "Support 1$/MO",
          "Support Botit Project. 1 PC game Frame Unlocked",
          "text"
        ],
        "FullUnlockBTN": [
          "Full Unlocked 5$/MO",
          "Support Botit Project With 5$. All Game Frames unlocked.",
          "text"
        ],
        "resicon": [
          "Display resolution:",
          "Cap Display resolution",
          "text"
        ],
        "SoundBtn": [
          "",
          "Under Dev",
          "NoText"
        ],
        "DisplayText": [
          "Device Display:",
          "Set Phone Screen OFF/ON",
          "text"
        ],
        "IpEdit": [
          "192.168.0.",
          "Local IP Connece",
          "text"
        ],
        "mapnow": [
          "",
          "Under Dev",
          "NoText"
        ],
        "ScreenOn": [
          "ON",
          "Set Phone Screen ON",
          "text"
        ],
        "RefreshBTN": [
          "Refresh",
          "Refresh Device List",
          "text"
        ],
        "showTouches": [
          "Show touches",
          "Show Touches on Device",
          "text"
        ],
        "StartMirror": [
          "Start Mirror",
          "Start Phone Mirror",
          "text"
        ],
        "Rescap": [
          "",
          "Cap Display resolution",
          "NoText"
        ],
        "DevicesCombo": [
          "",
          "ADB Devices Connected to the PC",
          "NoText"
        ],
        "WindownameEdit": [
          "",
          "Set Window Name",
          "NoText"
        ],
        "WIFIOptionsicon": [
          "Wifi Mirror Options",
          "Wifi Mirror Options",
          "text"
        ],
        "recMirror": [
          "Record Mirror",
          "Record your screen mirroring to your home directory. In Linux, it is in ~guiscrcpy directory. In Windows, it is in C:Users<USER NAME> with the date in seconds, followed by .mp4",
          "text"
        ],
        "IpGrab": [
          "Grab Device IP",
          "Auto Grab Connected Phone IP For Wifi Mirror",
          "text"
        ],
        "ScreenOff": [
          "OFF",
          "Set Phone Screen OFF",
          "text"
        ],
        "Windownameicon": [
          "Window Name:",
          "Set Window Name",
          "text"
        ],
        "KillADB": [
          "Kill ADB",
          "Kill ALL ADB servers",
          "text"
        ],
        "ConnectBtn": [
          "Connect",
          "Local Ip Connect",
          "text"
        ],
        "ConnectedDevicesicon": [
          "Connected Devices",
          "",
          "text"
        ],
        "Ramtext": [
          "Ram MB",
          "Emulator RAM Capacity",
          "text"
        ],
        "emunamemirrortext": [
          "Window Name:",
          "Set Window Name",
          "text"
        ],
        "WindownameEdit_2": [
          "",
          "Set Window Name",
          "NoText"
        ],
        "emurestext": [
          "Display resolution:",
          "Cap Display resolution",
          "text"
        ],
        "EmuBoxes": [
          "",
          "Scan and display Android Boxes",
          "NoText"
        ],
        "SaveE": [
          "Save",
          "Save Emulator Settings",
          "text"
        ],
        "Rescap2": [
          "",
          "Cap Display resolution",
          "NoText"
        ],
        "StartE": [
          "Start Emulator Proc",
          "Under Dev. Not Connected",
          "text"
        ],
        "titleEmu": [
          "Emulator Options",
          "Emulator Options",
          "text"
        ],
        "DeviceOptionEmuText": [
          "Display Options",
          "Cap Display resolution",
          "text"
        ],
        "HDDtext": [
          "HDD GB",
          "Emulator Hard Drive Capacity",
          "text"
        ],
        "HDDSet": [
          "",
          "Emulator Hard Drive Capacity",
          "NoText"
        ],
        "EmuboxnameText": [
          "Emulator Name:",
          "Set Window Name",
          "text"
        ],
        "CpuCoreSet": [
          "",
          "Emulator CPU Core Capacity",
          "NoText"
        ],
        "RamSet": [
          "",
          "Emulator RAM Capacity",
          "NoText"
        ],
        "DevicesCombo2": [
          "",
          "ADB Devices Connected to the PC",
          "NoText"
        ],
        "CreateE": [
          "Create",
          "Create Emulator",
          "text"
        ],
        "RefreshBTN2": [
          "Refresh",
          "Refresh Device List",
          "text"
        ],
        "CPUCores": [
          "CPU Cores",
          "Emulator CPU Core Capacity",
          "text"
        ],
        "EmulaturName": [
          "Kill Emulator",
          "Kill ALL ADB servers",
          "text"
        ],
        "KillADB2": [
          "",
          "Set Window Name",
          "NoText"
        ],
        "DeleteE": [
          "Delete",
          "Delete Emulator",
          "text"
        ],
        "StartMirror_2": [
          "START",
          "Under Dev. Not Connected",
          "text"
        ],
        "SoundBtn_2": [
          "",
          "Under Dev",
          "NoText"
        ],
        "mapnow_2": [
          "",
          "Under Dev",
          "NoText"
        ],
        "MobiletitleText": [
          "Mobile Game Bots",
          "Mobile Game Bots",
          "text"
        ],
        "GameName": [
          "Game Name",
          "Game Name",
          "text"
        ],
        "UserVerText": [
          "User Version:",
          "Local Bot Version",
          "text"
        ],
        "Downloadg": [
          "Download",
          "Download/Update and Extract BotIT",
          "text"
        ],
        "OptionsText": [
          "Help Options",
          "Help Options",
          "text"
        ],
        "Startg": [
          "Start Bot-It",
          "Start Bot-It",
          "text"
        ],
        "BotVerLocal": [
          "",
          "User Bot Version",
          "NoText"
        ],
        "BotVerServer": [
          "Server Version:",
          "Server Bot Version",
          "text"
        ],
        "UtilText": [
          "Bot Utility",
          "Bot Utility",
          "text"
        ],
        "BSrdy": [
          "",
          "Deploy Bluestacks images",
          "NoText"
        ],
        "NoxRDY": [
          "",
          "Deploy Nox images",
          "NoText"
        ],
        "ImgCrop": [
          "",
          "Image Crop Tool",
          "NoText"
        ],
        "imgfolder": [
          "",
          "Open Image Folder",
          "NoText"
        ],
        "Settings": [
          "",
          "Bot Settings",
          "NoText"
        ],
        "website": [
          "",
          "Web Site",
          "NoText"
        ],
        "Gameremote": [
          "",
          "Order Remote Install",
          "NoText"
        ],
        "titleEmu_4": [
          "PC Game Bots",
          "PC Game Bots",
          "text"
        ],
        "EmulaturName_2": [
          "",
          "Wallet ETH",
          "NoText"
        ],
        "label_26": [
          "",
          "Barcode",
          "NoText"
        ],
        "Copy": [
          "Copy",
          "Copy to clipboard",
          "text"
        ],
        "titleEmu_20": [
          "Donation",
          "Donation",
          "text"
        ],
        "label_58": [
          "",
          "Accepting Paypal",
          "NoText"
        ],
        "paypal": [
          "Open Paypal Web",
          "Open Paypal",
          "text"
        ],
        "titleEmu_21": [
          "Developer Tools",
          "Developer Tools",
          "text"
        ],
        "Github": [
          "",
          "GitHub",
          "NoText"
        ],
        "BotitBlank": [
          "",
          "Botit Blank",
          "NoText"
        ],
        "titleEmu_18": [
          "Connecting",
          "Connecting",
          "text"
        ],
        "titleEmu_15": [
          "Getting Data",
          "Getting Data",
          "text"
        ],
        "titleEmu_16": [
          "Extracting",
          "Extracting",
          "text"
        ],
        "titleEmu_17": [
          "Done",
          "Done",
          "text"
        ],
        "Patr": [
          "",
          "Patreon Page",
          "NoText"
        ],
        "WebSiteicon": [
          "",
          "Web Site",
          "NoText"
        ],
        "Discord": [
          "",
          "Discord Channel",
          "NoText"
        ],
        "GiveETH": [
          "",
          "Donate",
          "NoText"
        ],
        "LangCombo": [
          "",
          "Change language",
          "NoText"
        ],
        "Youtube": [
          "",
          "YouTube Channel",
          "text"
        ]
      }
    }
  ],
  "CN": [
    {
      "login": {
        "LoginBTN": [
          "LoginCN",
          "Login to BotIt",
          "text"
        ],
        "RegisterBTN": [
          "Register",
          "Register New User Free",
          "text"
        ],
        "GuestBTN": [
          "Guest Login",
          "Enter As a Guest",
          "text"
        ],
        "PassresetBTN": [
          "Recover Password By Email",
          "Recover Password By Email",
          "text"
        ],
        "UsernameTXT": [
          "Enter User Name",
          "Email",
          "Holder"
        ],
        "PassLoginTXT": [
          "Password",
          "Enter User Password",
          "Holder"
        ],
        "UserRegNick": [
          "NickName",
          "Enter NickName",
          "Holder"
        ],
        "LifeBTN": [
          "Free Account",
          "Free Account",
          "text"
        ],
        "UserRegEmail": [
          "Enter User Name",
          "Email",
          "Holder"
        ],
        "UserRegPass": [
          "Password",
          "Enter User Password",
          "Holder"
        ],
        "SingupText": [
          "Register New User",
          "Register New User",
          "text"
        ],
        "RecoverEmailEdit": [
          "Email",
          "Enter User Name",
          "Holder"
        ],
        "RecoverBTN": [
          "Recover",
          "Recover Password By Email",
          "text"
        ],
        "ResentBTN": [
          "Resend",
          "Resend Email",
          "text"
        ],
        "Recovertext": [
          "Recover Lost Password",
          "Recover Lost Password",
          "text"
        ],
        "UtilText": [
          "Bot Utility",
          "Bot Utility",
          "text"
        ],
        "Patr": [
          "",
          "Patreon Page",
          "text"
        ],
        "WebSiteicon": [
          "",
          "Web Site",
          "text"
        ],
        "Discord": [
          "",
          "Discord Channel",
          "text"
        ],
        "Youtube": [
          "",
          "YouTube Channel",
          "text"
        ],
        "Closegui": [
          "",
          "Exit",
          "text"
        ],
        "MinimizeGUI": [
          "",
          "Minimize",
          "text"
        ],
        "BackLogin": [
          "Home",
          "Move Back to Login Screen",
          "text"
        ],
        "LangCombo": [
          "",
          "Change language",
          "NoText"
        ]
      },
      "Botit": {
        "BotitmirrorUI": [
          "Phone Mirror",
          "Open Mirror Tab",
          "text"
        ],
        "HomeUI": [
          "",
          "Open Home TAB",
          "NoText"
        ],
        "BotitEmuUI": [
          "Emulator",
          "Under Dev Open Emulator TAB",
          "text"
        ],
        "BotitUI": [
          "Botit Mobile",
          "Open Botit Mobile TAB",
          "text"
        ],
        "Devs": [
          "Devs",
          "Open Developer Tool TAB",
          "text"
        ],
        "pcui": [
          "Botit PC",
          "Open Botit PC TAB",
          "text"
        ],
        "workUI": [
          "Botit Work",
          "Under DEV",
          "text"
        ],
        "Closegui": [
          "",
          "Cloe APP",
          "NoText"
        ],
        "MinimizeGUI": [
          "",
          "Minimize APP",
          "NoText"
        ],
        "botitMail": [
          "",
          "Email",
          "NoText"
        ],
        "botitTime": [
          "",
          "Time Left",
          "NoText"
        ],
        "botitNick": [
          "",
          "Open Botit PC TAB",
          "NoText"
        ],
        "botitToken": [
          "",
          "Token Group",
          "NoText"
        ],
        "PPicon": [
          "",
          "Accepting Paypal",
          "NoText"
        ],
        "SupporterBTN": [
          "Support 1$/MO",
          "Support Botit Project. 1 PC game Frame Unlocked",
          "text"
        ],
        "FullUnlockBTN": [
          "Full Unlocked 5$/MO",
          "Support Botit Project With 5$. All Game Frames unlocked.",
          "text"
        ],
        "resicon": [
          "Display resolution:",
          "Cap Display resolution",
          "text"
        ],
        "SoundBtn": [
          "",
          "Under Dev",
          "NoText"
        ],
        "DisplayText": [
          "Device Display:",
          "Set Phone Screen OFF/ON",
          "text"
        ],
        "IpEdit": [
          "192.168.0.",
          "Local IP Connece",
          "text"
        ],
        "mapnow": [
          "",
          "Under Dev",
          "NoText"
        ],
        "ScreenOn": [
          "ON",
          "Set Phone Screen ON",
          "text"
        ],
        "RefreshBTN": [
          "Refresh",
          "Refresh Device List",
          "text"
        ],
        "showTouches": [
          "Show touches",
          "Show Touches on Device",
          "text"
        ],
        "StartMirror": [
          "Start Mirror",
          "Start Phone Mirror",
          "text"
        ],
        "Rescap": [
          "",
          "Cap Display resolution",
          "NoText"
        ],
        "DevicesCombo": [
          "",
          "ADB Devices Connected to the PC",
          "NoText"
        ],
        "WindownameEdit": [
          "",
          "Set Window Name",
          "NoText"
        ],
        "WIFIOptionsicon": [
          "Wifi Mirror Options",
          "Wifi Mirror Options",
          "text"
        ],
        "recMirror": [
          "Record Mirror",
          "Record your screen mirroring to your home directory. In Linux, it is in ~guiscrcpy directory. In Windows, it is in C:Users<USER NAME> with the date in seconds, followed by .mp4",
          "text"
        ],
        "IpGrab": [
          "Grab Device IP",
          "Auto Grab Connected Phone IP For Wifi Mirror",
          "text"
        ],
        "ScreenOff": [
          "OFF",
          "Set Phone Screen OFF",
          "text"
        ],
        "Windownameicon": [
          "Window Name:",
          "Set Window Name",
          "text"
        ],
        "KillADB": [
          "Kill ADB",
          "Kill ALL ADB servers",
          "text"
        ],
        "ConnectBtn": [
          "Connect",
          "Local Ip Connect",
          "text"
        ],
        "ConnectedDevicesicon": [
          "Connected Devices",
          "",
          "text"
        ],
        "Ramtext": [
          "Ram MB",
          "Emulator RAM Capacity",
          "text"
        ],
        "emunamemirrortext": [
          "Window Name:",
          "Set Window Name",
          "text"
        ],
        "WindownameEdit_2": [
          "",
          "Set Window Name",
          "NoText"
        ],
        "emurestext": [
          "Display resolution:",
          "Cap Display resolution",
          "text"
        ],
        "EmuBoxes": [
          "",
          "Scan and display Android Boxes",
          "NoText"
        ],
        "SaveE": [
          "Save",
          "Save Emulator Settings",
          "text"
        ],
        "Rescap2": [
          "",
          "Cap Display resolution",
          "NoText"
        ],
        "StartE": [
          "Start Emulator Proc",
          "Under Dev. Not Connected",
          "text"
        ],
        "titleEmu": [
          "Emulator Options",
          "Emulator Options",
          "text"
        ],
        "DeviceOptionEmuText": [
          "Display Options",
          "Cap Display resolution",
          "text"
        ],
        "HDDtext": [
          "HDD GB",
          "Emulator Hard Drive Capacity",
          "text"
        ],
        "HDDSet": [
          "",
          "Emulator Hard Drive Capacity",
          "NoText"
        ],
        "EmuboxnameText": [
          "Emulator Name:",
          "Set Window Name",
          "text"
        ],
        "CpuCoreSet": [
          "",
          "Emulator CPU Core Capacity",
          "NoText"
        ],
        "RamSet": [
          "",
          "Emulator RAM Capacity",
          "NoText"
        ],
        "DevicesCombo2": [
          "",
          "ADB Devices Connected to the PC",
          "NoText"
        ],
        "CreateE": [
          "Create",
          "Create Emulator",
          "text"
        ],
        "RefreshBTN2": [
          "Refresh",
          "Refresh Device List",
          "text"
        ],
        "CPUCores": [
          "CPU Cores",
          "Emulator CPU Core Capacity",
          "text"
        ],
        "EmulaturName": [
          "Kill Emulator",
          "Kill ALL ADB servers",
          "text"
        ],
        "KillADB2": [
          "",
          "Set Window Name",
          "NoText"
        ],
        "DeleteE": [
          "Delete",
          "Delete Emulator",
          "text"
        ],
        "StartMirror_2": [
          "START",
          "Under Dev. Not Connected",
          "text"
        ],
        "SoundBtn_2": [
          "",
          "Under Dev",
          "NoText"
        ],
        "mapnow_2": [
          "",
          "Under Dev",
          "NoText"
        ],
        "MobiletitleText": [
          "Mobile Game Bots",
          "Mobile Game Bots",
          "text"
        ],
        "GameName": [
          "Game Name",
          "Game Name",
          "text"
        ],
        "UserVerText": [
          "User Version:",
          "Local Bot Version",
          "text"
        ],
        "Downloadg": [
          "Download",
          "Download/Update and Extract BotIT",
          "text"
        ],
        "OptionsText": [
          "Help Options",
          "Help Options",
          "text"
        ],
        "Startg": [
          "Start Bot-It",
          "Start Bot-It",
          "text"
        ],
        "BotVerLocal": [
          "",
          "User Bot Version",
          "NoText"
        ],
        "BotVerServer": [
          "Server Version:",
          "Server Bot Version",
          "text"
        ],
        "UtilText": [
          "Bot Utility",
          "Bot Utility",
          "text"
        ],
        "BSrdy": [
          "",
          "Deploy Bluestacks images",
          "NoText"
        ],
        "NoxRDY": [
          "",
          "Deploy Nox images",
          "NoText"
        ],
        "ImgCrop": [
          "",
          "Image Crop Tool",
          "NoText"
        ],
        "imgfolder": [
          "",
          "Open Image Folder",
          "NoText"
        ],
        "Settings": [
          "",
          "Bot Settings",
          "NoText"
        ],
        "website": [
          "",
          "Web Site",
          "NoText"
        ],
        "Gameremote": [
          "",
          "Order Remote Install",
          "NoText"
        ],
        "titleEmu_4": [
          "PC Game Bots",
          "PC Game Bots",
          "text"
        ],
        "EmulaturName_2": [
          "",
          "Wallet ETH",
          "NoText"
        ],
        "label_26": [
          "",
          "Barcode",
          "NoText"
        ],
        "Copy": [
          "Copy",
          "Copy to clipboard",
          "text"
        ],
        "titleEmu_20": [
          "Donation",
          "Donation",
          "text"
        ],
        "label_58": [
          "",
          "Accepting Paypal",
          "NoText"
        ],
        "paypal": [
          "Open Paypal Web",
          "Open Paypal",
          "text"
        ],
        "titleEmu_21": [
          "Developer Tools",
          "Developer Tools",
          "text"
        ],
        "Github": [
          "",
          "GitHub",
          "NoText"
        ],
        "BotitBlank": [
          "",
          "Botit Blank",
          "NoText"
        ],
        "titleEmu_18": [
          "Connecting",
          "Connecting",
          "text"
        ],
        "titleEmu_15": [
          "Getting Data",
          "Getting Data",
          "text"
        ],
        "titleEmu_16": [
          "Extracting",
          "Extracting",
          "text"
        ],
        "titleEmu_17": [
          "Done",
          "Done",
          "text"
        ],
        "Patr": [
          "",
          "Patreon Page",
          "NoText"
        ],
        "WebSiteicon": [
          "",
          "Web Site",
          "NoText"
        ],
        "Discord": [
          "",
          "Discord Channel",
          "NoText"
        ],
        "GiveETH": [
          "",
          "Donate",
          "NoText"
        ],
        "LangCombo": [
          "",
          "Change language",
          "NoText"
        ],
        "Youtube": [
          "",
          "YouTube Channel",
          "text"
        ]
      }
    }
  ],
  "FR": [
    {
      "login": {
        "LoginBTN": [
          "LoginFR",
          "Login to BotIt",
          "text"
        ],
        "RegisterBTN": [
          "Register",
          "Register New User Free",
          "text"
        ],
        "GuestBTN": [
          "Guest Login",
          "Enter As a Guest",
          "text"
        ],
        "PassresetBTN": [
          "Recover Password By Email",
          "Recover Password By Email",
          "text"
        ],
        "UsernameTXT": [
          "Enter User Name",
          "Email",
          "Holder"
        ],
        "PassLoginTXT": [
          "Password",
          "Enter User Password",
          "Holder"
        ],
        "UserRegNick": [
          "NickName",
          "Enter NickName",
          "Holder"
        ],
        "LifeBTN": [
          "Free Account",
          "Free Account",
          "text"
        ],
        "UserRegEmail": [
          "Enter User Name",
          "Email",
          "Holder"
        ],
        "UserRegPass": [
          "Password",
          "Enter User Password",
          "Holder"
        ],
        "SingupText": [
          "Register New User",
          "Register New User",
          "text"
        ],
        "RecoverEmailEdit": [
          "Email",
          "Enter User Name",
          "Holder"
        ],
        "RecoverBTN": [
          "Recover",
          "Recover Password By Email",
          "text"
        ],
        "ResentBTN": [
          "Resend",
          "Resend Email",
          "text"
        ],
        "Recovertext": [
          "Recover Lost Password",
          "Recover Lost Password",
          "text"
        ],
        "UtilText": [
          "Bot Utility",
          "Bot Utility",
          "text"
        ],
        "Patr": [
          "",
          "Patreon Page",
          "text"
        ],
        "WebSiteicon": [
          "",
          "Web Site",
          "text"
        ],
        "Discord": [
          "",
          "Discord Channel",
          "text"
        ],
        "Youtube": [
          "",
          "YouTube Channel",
          "text"
        ],
        "Closegui": [
          "",
          "Exit",
          "text"
        ],
        "MinimizeGUI": [
          "",
          "Minimize",
          "text"
        ],
        "BackLogin": [
          "Home",
          "Move Back to Login Screen",
          "text"
        ],
        "LangCombo": [
          "",
          "Change language",
          "NoText"
        ]
      },
      "Botit": {
        "BotitmirrorUI": [
          "Phone Mirror",
          "Open Mirror Tab",
          "text"
        ],
        "HomeUI": [
          "",
          "Open Home TAB",
          "NoText"
        ],
        "BotitEmuUI": [
          "Emulator",
          "Under Dev Open Emulator TAB",
          "text"
        ],
        "BotitUI": [
          "Botit Mobile",
          "Open Botit Mobile TAB",
          "text"
        ],
        "Devs": [
          "Devs",
          "Open Developer Tool TAB",
          "text"
        ],
        "pcui": [
          "Botit PC",
          "Open Botit PC TAB",
          "text"
        ],
        "workUI": [
          "Botit Work",
          "Under DEV",
          "text"
        ],
        "Closegui": [
          "",
          "Cloe APP",
          "NoText"
        ],
        "MinimizeGUI": [
          "",
          "Minimize APP",
          "NoText"
        ],
        "botitMail": [
          "",
          "Email",
          "NoText"
        ],
        "botitTime": [
          "",
          "Time Left",
          "NoText"
        ],
        "botitNick": [
          "",
          "Open Botit PC TAB",
          "NoText"
        ],
        "botitToken": [
          "",
          "Token Group",
          "NoText"
        ],
        "PPicon": [
          "",
          "Accepting Paypal",
          "NoText"
        ],
        "SupporterBTN": [
          "Support 1$/MO",
          "Support Botit Project. 1 PC game Frame Unlocked",
          "text"
        ],
        "FullUnlockBTN": [
          "Full Unlocked 5$/MO",
          "Support Botit Project With 5$. All Game Frames unlocked.",
          "text"
        ],
        "resicon": [
          "Display resolution:",
          "Cap Display resolution",
          "text"
        ],
        "SoundBtn": [
          "",
          "Under Dev",
          "NoText"
        ],
        "DisplayText": [
          "Device Display:",
          "Set Phone Screen OFF/ON",
          "text"
        ],
        "IpEdit": [
          "192.168.0.",
          "Local IP Connece",
          "text"
        ],
        "mapnow": [
          "",
          "Under Dev",
          "NoText"
        ],
        "ScreenOn": [
          "ON",
          "Set Phone Screen ON",
          "text"
        ],
        "RefreshBTN": [
          "Refresh",
          "Refresh Device List",
          "text"
        ],
        "showTouches": [
          "Show touches",
          "Show Touches on Device",
          "text"
        ],
        "StartMirror": [
          "Start Mirror",
          "Start Phone Mirror",
          "text"
        ],
        "Rescap": [
          "",
          "Cap Display resolution",
          "NoText"
        ],
        "DevicesCombo": [
          "",
          "ADB Devices Connected to the PC",
          "NoText"
        ],
        "WindownameEdit": [
          "",
          "Set Window Name",
          "NoText"
        ],
        "WIFIOptionsicon": [
          "Wifi Mirror Options",
          "Wifi Mirror Options",
          "text"
        ],
        "recMirror": [
          "Record Mirror",
          "Record your screen mirroring to your home directory. In Linux, it is in ~guiscrcpy directory. In Windows, it is in C:Users<USER NAME> with the date in seconds, followed by .mp4",
          "text"
        ],
        "IpGrab": [
          "Grab Device IP",
          "Auto Grab Connected Phone IP For Wifi Mirror",
          "text"
        ],
        "ScreenOff": [
          "OFF",
          "Set Phone Screen OFF",
          "text"
        ],
        "Windownameicon": [
          "Window Name:",
          "Set Window Name",
          "text"
        ],
        "KillADB": [
          "Kill ADB",
          "Kill ALL ADB servers",
          "text"
        ],
        "ConnectBtn": [
          "Connect",
          "Local Ip Connect",
          "text"
        ],
        "ConnectedDevicesicon": [
          "Connected Devices",
          "",
          "text"
        ],
        "Ramtext": [
          "Ram MB",
          "Emulator RAM Capacity",
          "text"
        ],
        "emunamemirrortext": [
          "Window Name:",
          "Set Window Name",
          "text"
        ],
        "WindownameEdit_2": [
          "",
          "Set Window Name",
          "NoText"
        ],
        "emurestext": [
          "Display resolution:",
          "Cap Display resolution",
          "text"
        ],
        "EmuBoxes": [
          "",
          "Scan and display Android Boxes",
          "NoText"
        ],
        "SaveE": [
          "Save",
          "Save Emulator Settings",
          "text"
        ],
        "Rescap2": [
          "",
          "Cap Display resolution",
          "NoText"
        ],
        "StartE": [
          "Start Emulator Proc",
          "Under Dev. Not Connected",
          "text"
        ],
        "titleEmu": [
          "Emulator Options",
          "Emulator Options",
          "text"
        ],
        "DeviceOptionEmuText": [
          "Display Options",
          "Cap Display resolution",
          "text"
        ],
        "HDDtext": [
          "HDD GB",
          "Emulator Hard Drive Capacity",
          "text"
        ],
        "HDDSet": [
          "",
          "Emulator Hard Drive Capacity",
          "NoText"
        ],
        "EmuboxnameText": [
          "Emulator Name:",
          "Set Window Name",
          "text"
        ],
        "CpuCoreSet": [
          "",
          "Emulator CPU Core Capacity",
          "NoText"
        ],
        "RamSet": [
          "",
          "Emulator RAM Capacity",
          "NoText"
        ],
        "DevicesCombo2": [
          "",
          "ADB Devices Connected to the PC",
          "NoText"
        ],
        "CreateE": [
          "Create",
          "Create Emulator",
          "text"
        ],
        "RefreshBTN2": [
          "Refresh",
          "Refresh Device List",
          "text"
        ],
        "CPUCores": [
          "CPU Cores",
          "Emulator CPU Core Capacity",
          "text"
        ],
        "EmulaturName": [
          "Kill Emulator",
          "Kill ALL ADB servers",
          "text"
        ],
        "KillADB2": [
          "",
          "Set Window Name",
          "NoText"
        ],
        "DeleteE": [
          "Delete",
          "Delete Emulator",
          "text"
        ],
        "StartMirror_2": [
          "START",
          "Under Dev. Not Connected",
          "text"
        ],
        "SoundBtn_2": [
          "",
          "Under Dev",
          "NoText"
        ],
        "mapnow_2": [
          "",
          "Under Dev",
          "NoText"
        ],
        "MobiletitleText": [
          "Mobile Game Bots",
          "Mobile Game Bots",
          "text"
        ],
        "GameName": [
          "Game Name",
          "Game Name",
          "text"
        ],
        "UserVerText": [
          "User Version:",
          "Local Bot Version",
          "text"
        ],
        "Downloadg": [
          "Download",
          "Download/Update and Extract BotIT",
          "text"
        ],
        "OptionsText": [
          "Help Options",
          "Help Options",
          "text"
        ],
        "Startg": [
          "Start Bot-It",
          "Start Bot-It",
          "text"
        ],
        "BotVerLocal": [
          "",
          "User Bot Version",
          "NoText"
        ],
        "BotVerServer": [
          "Server Version:",
          "Server Bot Version",
          "text"
        ],
        "UtilText": [
          "Bot Utility",
          "Bot Utility",
          "text"
        ],
        "BSrdy": [
          "",
          "Deploy Bluestacks images",
          "NoText"
        ],
        "NoxRDY": [
          "",
          "Deploy Nox images",
          "NoText"
        ],
        "ImgCrop": [
          "",
          "Image Crop Tool",
          "NoText"
        ],
        "imgfolder": [
          "",
          "Open Image Folder",
          "NoText"
        ],
        "Settings": [
          "",
          "Bot Settings",
          "NoText"
        ],
        "website": [
          "",
          "Web Site",
          "NoText"
        ],
        "Gameremote": [
          "",
          "Order Remote Install",
          "NoText"
        ],
        "titleEmu_4": [
          "PC Game Bots",
          "PC Game Bots",
          "text"
        ],
        "EmulaturName_2": [
          "",
          "Wallet ETH",
          "NoText"
        ],
        "label_26": [
          "",
          "Barcode",
          "NoText"
        ],
        "Copy": [
          "Copy",
          "Copy to clipboard",
          "text"
        ],
        "titleEmu_20": [
          "Donation",
          "Donation",
          "text"
        ],
        "label_58": [
          "",
          "Accepting Paypal",
          "NoText"
        ],
        "paypal": [
          "Open Paypal Web",
          "Open Paypal",
          "text"
        ],
        "titleEmu_21": [
          "Developer Tools",
          "Developer Tools",
          "text"
        ],
        "Github": [
          "",
          "GitHub",
          "NoText"
        ],
        "BotitBlank": [
          "",
          "Botit Blank",
          "NoText"
        ],
        "titleEmu_18": [
          "Connecting",
          "Connecting",
          "text"
        ],
        "titleEmu_15": [
          "Getting Data",
          "Getting Data",
          "text"
        ],
        "titleEmu_16": [
          "Extracting",
          "Extracting",
          "text"
        ],
        "titleEmu_17": [
          "Done",
          "Done",
          "text"
        ],
        "Patr": [
          "",
          "Patreon Page",
          "NoText"
        ],
        "WebSiteicon": [
          "",
          "Web Site",
          "NoText"
        ],
        "Discord": [
          "",
          "Discord Channel",
          "NoText"
        ],
        "GiveETH": [
          "",
          "Donate",
          "NoText"
        ],
        "LangCombo": [
          "",
          "Change language",
          "NoText"
        ],
        "Youtube": [
          "",
          "YouTube Channel",
          "text"
        ]
      }
    }
  ],
  "DE": [
    {
      "login": {
        "LoginBTN": [
          "LoginDE",
          "Login to BotIt",
          "text"
        ],
        "RegisterBTN": [
          "Register",
          "Register New User Free",
          "text"
        ],
        "GuestBTN": [
          "Guest Login",
          "Enter As a Guest",
          "text"
        ],
        "PassresetBTN": [
          "Recover Password By Email",
          "Recover Password By Email",
          "text"
        ],
        "UsernameTXT": [
          "Enter User Name",
          "Email",
          "Holder"
        ],
        "PassLoginTXT": [
          "Password",
          "Enter User Password",
          "Holder"
        ],
        "UserRegNick": [
          "NickName",
          "Enter NickName",
          "Holder"
        ],
        "LifeBTN": [
          "Free Account",
          "Free Account",
          "text"
        ],
        "UserRegEmail": [
          "Enter User Name",
          "Email",
          "Holder"
        ],
        "UserRegPass": [
          "Password",
          "Enter User Password",
          "Holder"
        ],
        "SingupText": [
          "Register New User",
          "Register New User",
          "text"
        ],
        "RecoverEmailEdit": [
          "Email",
          "Enter User Name",
          "Holder"
        ],
        "RecoverBTN": [
          "Recover",
          "Recover Password By Email",
          "text"
        ],
        "ResentBTN": [
          "Resend",
          "Resend Email",
          "text"
        ],
        "Recovertext": [
          "Recover Lost Password",
          "Recover Lost Password",
          "text"
        ],
        "UtilText": [
          "Bot Utility",
          "Bot Utility",
          "text"
        ],
        "Patr": [
          "",
          "Patreon Page",
          "text"
        ],
        "WebSiteicon": [
          "",
          "Web Site",
          "text"
        ],
        "Discord": [
          "",
          "Discord Channel",
          "text"
        ],
        "Youtube": [
          "",
          "YouTube Channel",
          "text"
        ],
        "Closegui": [
          "",
          "Exit",
          "text"
        ],
        "MinimizeGUI": [
          "",
          "Minimize",
          "text"
        ],
        "BackLogin": [
          "Home",
          "Move Back to Login Screen",
          "text"
        ],
        "LangCombo": [
          "",
          "Change language",
          "NoText"
        ]
      },
      "Botit": {
        "BotitmirrorUI": [
          "Phone Mirror",
          "Open Mirror Tab",
          "text"
        ],
        "HomeUI": [
          "",
          "Open Home TAB",
          "NoText"
        ],
        "BotitEmuUI": [
          "Emulator",
          "Under Dev Open Emulator TAB",
          "text"
        ],
        "BotitUI": [
          "Botit Mobile",
          "Open Botit Mobile TAB",
          "text"
        ],
        "Devs": [
          "Devs",
          "Open Developer Tool TAB",
          "text"
        ],
        "pcui": [
          "Botit PC",
          "Open Botit PC TAB",
          "text"
        ],
        "workUI": [
          "Botit Work",
          "Under DEV",
          "text"
        ],
        "Closegui": [
          "",
          "Cloe APP",
          "NoText"
        ],
        "MinimizeGUI": [
          "",
          "Minimize APP",
          "NoText"
        ],
        "botitMail": [
          "",
          "Email",
          "NoText"
        ],
        "botitTime": [
          "",
          "Time Left",
          "NoText"
        ],
        "botitNick": [
          "",
          "Open Botit PC TAB",
          "NoText"
        ],
        "botitToken": [
          "",
          "Token Group",
          "NoText"
        ],
        "PPicon": [
          "",
          "Accepting Paypal",
          "NoText"
        ],
        "SupporterBTN": [
          "Support 1$/MO",
          "Support Botit Project. 1 PC game Frame Unlocked",
          "text"
        ],
        "FullUnlockBTN": [
          "Full Unlocked 5$/MO",
          "Support Botit Project With 5$. All Game Frames unlocked.",
          "text"
        ],
        "resicon": [
          "Display resolution:",
          "Cap Display resolution",
          "text"
        ],
        "SoundBtn": [
          "",
          "Under Dev",
          "NoText"
        ],
        "DisplayText": [
          "Device Display:",
          "Set Phone Screen OFF/ON",
          "text"
        ],
        "IpEdit": [
          "192.168.0.",
          "Local IP Connece",
          "text"
        ],
        "mapnow": [
          "",
          "Under Dev",
          "NoText"
        ],
        "ScreenOn": [
          "ON",
          "Set Phone Screen ON",
          "text"
        ],
        "RefreshBTN": [
          "Refresh",
          "Refresh Device List",
          "text"
        ],
        "showTouches": [
          "Show touches",
          "Show Touches on Device",
          "text"
        ],
        "StartMirror": [
          "Start Mirror",
          "Start Phone Mirror",
          "text"
        ],
        "Rescap": [
          "",
          "Cap Display resolution",
          "NoText"
        ],
        "DevicesCombo": [
          "",
          "ADB Devices Connected to the PC",
          "NoText"
        ],
        "WindownameEdit": [
          "",
          "Set Window Name",
          "NoText"
        ],
        "WIFIOptionsicon": [
          "Wifi Mirror Options",
          "Wifi Mirror Options",
          "text"
        ],
        "recMirror": [
          "Record Mirror",
          "Record your screen mirroring to your home directory. In Linux, it is in ~guiscrcpy directory. In Windows, it is in C:Users<USER NAME> with the date in seconds, followed by .mp4",
          "text"
        ],
        "IpGrab": [
          "Grab Device IP",
          "Auto Grab Connected Phone IP For Wifi Mirror",
          "text"
        ],
        "ScreenOff": [
          "OFF",
          "Set Phone Screen OFF",
          "text"
        ],
        "Windownameicon": [
          "Window Name:",
          "Set Window Name",
          "text"
        ],
        "KillADB": [
          "Kill ADB",
          "Kill ALL ADB servers",
          "text"
        ],
        "ConnectBtn": [
          "Connect",
          "Local Ip Connect",
          "text"
        ],
        "ConnectedDevicesicon": [
          "Connected Devices",
          "",
          "text"
        ],
        "Ramtext": [
          "Ram MB",
          "Emulator RAM Capacity",
          "text"
        ],
        "emunamemirrortext": [
          "Window Name:",
          "Set Window Name",
          "text"
        ],
        "WindownameEdit_2": [
          "",
          "Set Window Name",
          "NoText"
        ],
        "emurestext": [
          "Display resolution:",
          "Cap Display resolution",
          "text"
        ],
        "EmuBoxes": [
          "",
          "Scan and display Android Boxes",
          "NoText"
        ],
        "SaveE": [
          "Save",
          "Save Emulator Settings",
          "text"
        ],
        "Rescap2": [
          "",
          "Cap Display resolution",
          "NoText"
        ],
        "StartE": [
          "Start Emulator Proc",
          "Under Dev. Not Connected",
          "text"
        ],
        "titleEmu": [
          "Emulator Options",
          "Emulator Options",
          "text"
        ],
        "DeviceOptionEmuText": [
          "Display Options",
          "Cap Display resolution",
          "text"
        ],
        "HDDtext": [
          "HDD GB",
          "Emulator Hard Drive Capacity",
          "text"
        ],
        "HDDSet": [
          "",
          "Emulator Hard Drive Capacity",
          "NoText"
        ],
        "EmuboxnameText": [
          "Emulator Name:",
          "Set Window Name",
          "text"
        ],
        "CpuCoreSet": [
          "",
          "Emulator CPU Core Capacity",
          "NoText"
        ],
        "RamSet": [
          "",
          "Emulator RAM Capacity",
          "NoText"
        ],
        "DevicesCombo2": [
          "",
          "ADB Devices Connected to the PC",
          "NoText"
        ],
        "CreateE": [
          "Create",
          "Create Emulator",
          "text"
        ],
        "RefreshBTN2": [
          "Refresh",
          "Refresh Device List",
          "text"
        ],
        "CPUCores": [
          "CPU Cores",
          "Emulator CPU Core Capacity",
          "text"
        ],
        "EmulaturName": [
          "Kill Emulator",
          "Kill ALL ADB servers",
          "text"
        ],
        "KillADB2": [
          "",
          "Set Window Name",
          "NoText"
        ],
        "DeleteE": [
          "Delete",
          "Delete Emulator",
          "text"
        ],
        "StartMirror_2": [
          "START",
          "Under Dev. Not Connected",
          "text"
        ],
        "SoundBtn_2": [
          "",
          "Under Dev",
          "NoText"
        ],
        "mapnow_2": [
          "",
          "Under Dev",
          "NoText"
        ],
        "MobiletitleText": [
          "Mobile Game Bots",
          "Mobile Game Bots",
          "text"
        ],
        "GameName": [
          "Game Name",
          "Game Name",
          "text"
        ],
        "UserVerText": [
          "User Version:",
          "Local Bot Version",
          "text"
        ],
        "Downloadg": [
          "Download",
          "Download/Update and Extract BotIT",
          "text"
        ],
        "OptionsText": [
          "Help Options",
          "Help Options",
          "text"
        ],
        "Startg": [
          "Start Bot-It",
          "Start Bot-It",
          "text"
        ],
        "BotVerLocal": [
          "",
          "User Bot Version",
          "NoText"
        ],
        "BotVerServer": [
          "Server Version:",
          "Server Bot Version",
          "text"
        ],
        "UtilText": [
          "Bot Utility",
          "Bot Utility",
          "text"
        ],
        "BSrdy": [
          "",
          "Deploy Bluestacks images",
          "NoText"
        ],
        "NoxRDY": [
          "",
          "Deploy Nox images",
          "NoText"
        ],
        "ImgCrop": [
          "",
          "Image Crop Tool",
          "NoText"
        ],
        "imgfolder": [
          "",
          "Open Image Folder",
          "NoText"
        ],
        "Settings": [
          "",
          "Bot Settings",
          "NoText"
        ],
        "website": [
          "",
          "Web Site",
          "NoText"
        ],
        "Gameremote": [
          "",
          "Order Remote Install",
          "NoText"
        ],
        "titleEmu_4": [
          "PC Game Bots",
          "PC Game Bots",
          "text"
        ],
        "EmulaturName_2": [
          "",
          "Wallet ETH",
          "NoText"
        ],
        "label_26": [
          "",
          "Barcode",
          "NoText"
        ],
        "Copy": [
          "Copy",
          "Copy to clipboard",
          "text"
        ],
        "titleEmu_20": [
          "Donation",
          "Donation",
          "text"
        ],
        "label_58": [
          "",
          "Accepting Paypal",
          "NoText"
        ],
        "paypal": [
          "Open Paypal Web",
          "Open Paypal",
          "text"
        ],
        "titleEmu_21": [
          "Developer Tools",
          "Developer Tools",
          "text"
        ],
        "Github": [
          "",
          "GitHub",
          "NoText"
        ],
        "BotitBlank": [
          "",
          "Botit Blank",
          "NoText"
        ],
        "titleEmu_18": [
          "Connecting",
          "Connecting",
          "text"
        ],
        "titleEmu_15": [
          "Getting Data",
          "Getting Data",
          "text"
        ],
        "titleEmu_16": [
          "Extracting",
          "Extracting",
          "text"
        ],
        "titleEmu_17": [
          "Done",
          "Done",
          "text"
        ],
        "Patr": [
          "",
          "Patreon Page",
          "NoText"
        ],
        "WebSiteicon": [
          "",
          "Web Site",
          "NoText"
        ],
        "Discord": [
          "",
          "Discord Channel",
          "NoText"
        ],
        "GiveETH": [
          "",
          "Donate",
          "NoText"
        ],
        "LangCombo": [
          "",
          "Change language",
          "NoText"
        ],
        "Youtube": [
          "",
          "YouTube Channel",
          "text"
        ]
      }
    }
  ],
  "ES": [
    {
      "login": {
        "LoginBTN": [
          "LoginES",
          "Login to BotIt",
          "text"
        ],
        "RegisterBTN": [
          "Register",
          "Register New User Free",
          "text"
        ],
        "GuestBTN": [
          "Guest Login",
          "Enter As a Guest",
          "text"
        ],
        "PassresetBTN": [
          "Recover Password By Email",
          "Recover Password By Email",
          "text"
        ],
        "UsernameTXT": [
          "Enter User Name",
          "Email",
          "Holder"
        ],
        "PassLoginTXT": [
          "Password",
          "Enter User Password",
          "Holder"
        ],
        "UserRegNick": [
          "NickName",
          "Enter NickName",
          "Holder"
        ],
        "LifeBTN": [
          "Free Account",
          "Free Account",
          "text"
        ],
        "UserRegEmail": [
          "Enter User Name",
          "Email",
          "Holder"
        ],
        "UserRegPass": [
          "Password",
          "Enter User Password",
          "Holder"
        ],
        "SingupText": [
          "Register New User",
          "Register New User",
          "text"
        ],
        "RecoverEmailEdit": [
          "Email",
          "Enter User Name",
          "Holder"
        ],
        "RecoverBTN": [
          "Recover",
          "Recover Password By Email",
          "text"
        ],
        "ResentBTN": [
          "Resend",
          "Resend Email",
          "text"
        ],
        "Recovertext": [
          "Recover Lost Password",
          "Recover Lost Password",
          "text"
        ],
        "UtilText": [
          "Bot Utility",
          "Bot Utility",
          "text"
        ],
        "Patr": [
          "",
          "Patreon Page",
          "text"
        ],
        "WebSiteicon": [
          "",
          "Web Site",
          "text"
        ],
        "Discord": [
          "",
          "Discord Channel",
          "text"
        ],
        "Youtube": [
          "",
          "YouTube Channel",
          "text"
        ],
        "Closegui": [
          "",
          "Exit",
          "text"
        ],
        "MinimizeGUI": [
          "",
          "Minimize",
          "text"
        ],
        "BackLogin": [
          "Home",
          "Move Back to Login Screen",
          "text"
        ],
        "LangCombo": [
          "",
          "Change language",
          "NoText"
        ]
      },
      "Botit": {
        "BotitmirrorUI": [
          "Phone Mirror",
          "Open Mirror Tab",
          "text"
        ],
        "HomeUI": [
          "",
          "Open Home TAB",
          "NoText"
        ],
        "BotitEmuUI": [
          "Emulator",
          "Under Dev Open Emulator TAB",
          "text"
        ],
        "BotitUI": [
          "Botit Mobile",
          "Open Botit Mobile TAB",
          "text"
        ],
        "Devs": [
          "Devs",
          "Open Developer Tool TAB",
          "text"
        ],
        "pcui": [
          "Botit PC",
          "Open Botit PC TAB",
          "text"
        ],
        "workUI": [
          "Botit Work",
          "Under DEV",
          "text"
        ],
        "Closegui": [
          "",
          "Cloe APP",
          "NoText"
        ],
        "MinimizeGUI": [
          "",
          "Minimize APP",
          "NoText"
        ],
        "botitMail": [
          "",
          "Email",
          "NoText"
        ],
        "botitTime": [
          "",
          "Time Left",
          "NoText"
        ],
        "botitNick": [
          "",
          "Open Botit PC TAB",
          "NoText"
        ],
        "botitToken": [
          "",
          "Token Group",
          "NoText"
        ],
        "PPicon": [
          "",
          "Accepting Paypal",
          "NoText"
        ],
        "SupporterBTN": [
          "Support 1$/MO",
          "Support Botit Project. 1 PC game Frame Unlocked",
          "text"
        ],
        "FullUnlockBTN": [
          "Full Unlocked 5$/MO",
          "Support Botit Project With 5$. All Game Frames unlocked.",
          "text"
        ],
        "resicon": [
          "Display resolution:",
          "Cap Display resolution",
          "text"
        ],
        "SoundBtn": [
          "",
          "Under Dev",
          "NoText"
        ],
        "DisplayText": [
          "Device Display:",
          "Set Phone Screen OFF/ON",
          "text"
        ],
        "IpEdit": [
          "192.168.0.",
          "Local IP Connece",
          "text"
        ],
        "mapnow": [
          "",
          "Under Dev",
          "NoText"
        ],
        "ScreenOn": [
          "ON",
          "Set Phone Screen ON",
          "text"
        ],
        "RefreshBTN": [
          "Refresh",
          "Refresh Device List",
          "text"
        ],
        "showTouches": [
          "Show touches",
          "Show Touches on Device",
          "text"
        ],
        "StartMirror": [
          "Start Mirror",
          "Start Phone Mirror",
          "text"
        ],
        "Rescap": [
          "",
          "Cap Display resolution",
          "NoText"
        ],
        "DevicesCombo": [
          "",
          "ADB Devices Connected to the PC",
          "NoText"
        ],
        "WindownameEdit": [
          "",
          "Set Window Name",
          "NoText"
        ],
        "WIFIOptionsicon": [
          "Wifi Mirror Options",
          "Wifi Mirror Options",
          "text"
        ],
        "recMirror": [
          "Record Mirror",
          "Record your screen mirroring to your home directory. In Linux, it is in ~guiscrcpy directory. In Windows, it is in C:Users<USER NAME> with the date in seconds, followed by .mp4",
          "text"
        ],
        "IpGrab": [
          "Grab Device IP",
          "Auto Grab Connected Phone IP For Wifi Mirror",
          "text"
        ],
        "ScreenOff": [
          "OFF",
          "Set Phone Screen OFF",
          "text"
        ],
        "Windownameicon": [
          "Window Name:",
          "Set Window Name",
          "text"
        ],
        "KillADB": [
          "Kill ADB",
          "Kill ALL ADB servers",
          "text"
        ],
        "ConnectBtn": [
          "Connect",
          "Local Ip Connect",
          "text"
        ],
        "ConnectedDevicesicon": [
          "Connected Devices",
          "",
          "text"
        ],
        "Ramtext": [
          "Ram MB",
          "Emulator RAM Capacity",
          "text"
        ],
        "emunamemirrortext": [
          "Window Name:",
          "Set Window Name",
          "text"
        ],
        "WindownameEdit_2": [
          "",
          "Set Window Name",
          "NoText"
        ],
        "emurestext": [
          "Display resolution:",
          "Cap Display resolution",
          "text"
        ],
        "EmuBoxes": [
          "",
          "Scan and display Android Boxes",
          "NoText"
        ],
        "SaveE": [
          "Save",
          "Save Emulator Settings",
          "text"
        ],
        "Rescap2": [
          "",
          "Cap Display resolution",
          "NoText"
        ],
        "StartE": [
          "Start Emulator Proc",
          "Under Dev. Not Connected",
          "text"
        ],
        "titleEmu": [
          "Emulator Options",
          "Emulator Options",
          "text"
        ],
        "DeviceOptionEmuText": [
          "Display Options",
          "Cap Display resolution",
          "text"
        ],
        "HDDtext": [
          "HDD GB",
          "Emulator Hard Drive Capacity",
          "text"
        ],
        "HDDSet": [
          "",
          "Emulator Hard Drive Capacity",
          "NoText"
        ],
        "EmuboxnameText": [
          "Emulator Name:",
          "Set Window Name",
          "text"
        ],
        "CpuCoreSet": [
          "",
          "Emulator CPU Core Capacity",
          "NoText"
        ],
        "RamSet": [
          "",
          "Emulator RAM Capacity",
          "NoText"
        ],
        "DevicesCombo2": [
          "",
          "ADB Devices Connected to the PC",
          "NoText"
        ],
        "CreateE": [
          "Create",
          "Create Emulator",
          "text"
        ],
        "RefreshBTN2": [
          "Refresh",
          "Refresh Device List",
          "text"
        ],
        "CPUCores": [
          "CPU Cores",
          "Emulator CPU Core Capacity",
          "text"
        ],
        "EmulaturName": [
          "Kill Emulator",
          "Kill ALL ADB servers",
          "text"
        ],
        "KillADB2": [
          "",
          "Set Window Name",
          "NoText"
        ],
        "DeleteE": [
          "Delete",
          "Delete Emulator",
          "text"
        ],
        "StartMirror_2": [
          "START",
          "Under Dev. Not Connected",
          "text"
        ],
        "SoundBtn_2": [
          "",
          "Under Dev",
          "NoText"
        ],
        "mapnow_2": [
          "",
          "Under Dev",
          "NoText"
        ],
        "MobiletitleText": [
          "Mobile Game Bots",
          "Mobile Game Bots",
          "text"
        ],
        "GameName": [
          "Game Name",
          "Game Name",
          "text"
        ],
        "UserVerText": [
          "User Version:",
          "Local Bot Version",
          "text"
        ],
        "Downloadg": [
          "Download",
          "Download/Update and Extract BotIT",
          "text"
        ],
        "OptionsText": [
          "Help Options",
          "Help Options",
          "text"
        ],
        "Startg": [
          "Start Bot-It",
          "Start Bot-It",
          "text"
        ],
        "BotVerLocal": [
          "",
          "User Bot Version",
          "NoText"
        ],
        "BotVerServer": [
          "Server Version:",
          "Server Bot Version",
          "text"
        ],
        "UtilText": [
          "Bot Utility",
          "Bot Utility",
          "text"
        ],
        "BSrdy": [
          "",
          "Deploy Bluestacks images",
          "NoText"
        ],
        "NoxRDY": [
          "",
          "Deploy Nox images",
          "NoText"
        ],
        "ImgCrop": [
          "",
          "Image Crop Tool",
          "NoText"
        ],
        "imgfolder": [
          "",
          "Open Image Folder",
          "NoText"
        ],
        "Settings": [
          "",
          "Bot Settings",
          "NoText"
        ],
        "website": [
          "",
          "Web Site",
          "NoText"
        ],
        "Gameremote": [
          "",
          "Order Remote Install",
          "NoText"
        ],
        "titleEmu_4": [
          "PC Game Bots",
          "PC Game Bots",
          "text"
        ],
        "EmulaturName_2": [
          "",
          "Wallet ETH",
          "NoText"
        ],
        "label_26": [
          "",
          "Barcode",
          "NoText"
        ],
        "Copy": [
          "Copy",
          "Copy to clipboard",
          "text"
        ],
        "titleEmu_20": [
          "Donation",
          "Donation",
          "text"
        ],
        "label_58": [
          "",
          "Accepting Paypal",
          "NoText"
        ],
        "paypal": [
          "Open Paypal Web",
          "Open Paypal",
          "text"
        ],
        "titleEmu_21": [
          "Developer Tools",
          "Developer Tools",
          "text"
        ],
        "Github": [
          "",
          "GitHub",
          "NoText"
        ],
        "BotitBlank": [
          "",
          "Botit Blank",
          "NoText"
        ],
        "titleEmu_18": [
          "Connecting",
          "Connecting",
          "text"
        ],
        "titleEmu_15": [
          "Getting Data",
          "Getting Data",
          "text"
        ],
        "titleEmu_16": [
          "Extracting",
          "Extracting",
          "text"
        ],
        "titleEmu_17": [
          "Done",
          "Done",
          "text"
        ],
        "Patr": [
          "",
          "Patreon Page",
          "NoText"
        ],
        "WebSiteicon": [
          "",
          "Web Site",
          "NoText"
        ],
        "Discord": [
          "",
          "Discord Channel",
          "NoText"
        ],
        "GiveETH": [
          "",
          "Donate",
          "NoText"
        ],
        "LangCombo": [
          "",
          "Change language",
          "NoText"
        ],
        "Youtube": [
          "",
          "YouTube Channel",
          "text"
        ]
      }
    }
  ]
}